-- 1) Купоны
INSERT INTO coupons (code, discount, active, expiration_date) VALUES
  ('NEWBIE10',    10.00, true,  '2025-12-31 23:59:59'),
  ('SPRING15',    15.00, true,  '2025-06-30 23:59:59'),
  ('SUMMER20',    20.00, true,  '2025-08-31 23:59:59'),
  ('FALL25',      25.00, true,  '2025-10-31 23:59:59'),
  ('WINTER30',    30.00, true,  '2025-12-31 23:59:59'),
  ('WELCOME5',     5.00, true,  '2026-01-15 23:59:59'),
  ('FREESHIP',     0.00, true,  '2025-12-31 23:59:59'),
  ('VIP50',       50.00, true,  '2025-07-31 23:59:59'),
  ('BIRTHDAY10',  10.00, true,  '2025-04-05 23:59:59'),
  ('BLACKFRIDAY', 40.00, false, '2025-11-28 23:59:59'),
  ('CYBERMONDAY', 35.00, false, '2025-11-30 23:59:59'),
  ('HOLIDAY15',   15.00, true,  '2025-12-25 23:59:59'),
  ('STUDENT5',     5.00, true,  '2025-09-01 23:59:59'),
  ('LOYAL20',     20.00, true,  '2025-12-31 23:59:59'),
  ('FLASH10',     10.00, true,  '2025-04-30 23:59:59');

-- 2) Уровни лояльности
INSERT INTO loyalty_levels (name, min_total, discount_percent) VALUES
  ('Бронзовый',       0.00,       0.00),
  ('Серебряный',   5 000.00,       3.00),
  ('Золотой',     20 000.00,       5.00),
  ('Платиновый',  50 000.00,       7.00),
  ('Алмазный',   100 000.00,      10.00),
  ('Рубиновый',  150 000.00,      12.00),
  ('Сапфировый', 200 000.00,      15.00),
  ('Изумрудный', 300 000.00,      17.00),
  ('Топазовый',  400 000.00,      20.00),
  ('Жемчужный',  600 000.00,      22.00),
  ('Джадовый',   800 000.00,      25.00),
  ('Ониксовый',1 000 000.00,      27.00),
  ('Кварцевый',1 500 000.00,      30.00),
  ('Бирюзовый',2 000 000.00,      32.00),
  ('Обсидиановый',3 000 000.00,    35.00);

-- 3) Пользователи
INSERT INTO users (username, email, password, role, first_name, last_name, phone, created_at) VALUES
  ('ivan.petrov',       'ivan.petrov@mail.ru',       '$2a$10$hash1', 'ROLE_USER',  'Иван',    'Петров',    '+7-495-123-45-67', '2025-01-10 09:15:00'),
  ('maria.smirnova',    'maria.smirnova@yandex.ru',  '$2a$10$hash2', 'ROLE_USER',  'Мария',   'Смирнова',  '+7-495-234-56-78', '2025-01-12 11:20:00'),
  ('oleg.ivanov',       'oleg.ivanov@mail.ru',       '$2a$10$hash3', 'ROLE_USER',  'Олег',    'Иванов',    '+7-906-345-67-89', '2025-01-15 14:30:00'),
  ('dmitry.sokolov',    'dmitry.sokolov@mail.ru',    '$2a$10$hash4', 'ROLE_USER',  'Дмитрий', 'Соколов',   '+7-903-456-78-90', '2025-01-18 16:45:00'),
  ('elena.kuznetsova',  'elena.kuznetsova@mail.ru',  '$2a$10$hash5', 'ROLE_USER',  'Елена',   'Кузнецова', '+7-917-567-89-01', '2025-01-20 12:10:00'),
  ('alexey.kuzmin',     'alexey.kuzmin@mail.ru',     '$2a$10$hash6', 'ROLE_USER',  'Алексей', 'Кузьмин',   '+7-908-678-90-12', '2025-01-22 13:25:00'),
  ('natalia.orlova',    'natalia.orлова@mail.ru',    '$2a$10$hash7', 'ROLE_USER',  'Наталья', 'Орлова',    '+7-907-789-01-23', '2025-01-25 08:55:00'),
  ('sergey.kiselev',    'sergey.kiselev@mail.ru',    '$2a$10$hash8', 'ROLE_USER',  'Сергей',  'Киселев',   '+7-906-890-12-34', '2025-01-28 19:40:00'),
  ('anna.lebedeva',     'anna.lebedeva@mail.ru',     '$2a$10$hash9', 'ROLE_USER',  'Анна',    'Лебедева',  '+7-905-901-23-45', '2025-02-01 11:15:00'),
  ('mikhail.popov',     'mikhail.popov@mail.ru',     '$2a$10$hash10','ROLE_USER',  'Михаил',  'Попов',     '+7-904-012-34-56', '2025-02-05 17:20:00'),
  ('olga.vasilyeva',    'olga.vasilyeva@mail.ru',    '$2a$10$hash11','ROLE_USER',  'Ольга',   'Васильева', '+7-903-123-45-67', '2025-02-10 13:30:00'),
  ('viktor.smirnov',    'viktor.smirnov@mail.ru',    '$2a$10$hash12','ROLE_USER',  'Виктор',  'Смирнов',   '+7-902-234-56-78', '2025-02-14 09:50:00'),
  ('ekaterina.novikova','ekaterina.novikова@mail.ru','$2a$10$hash13','ROLE_USER',  'Екатерина','Новикова',  '+7-901-345-67-89', '2025-02-20 15:05:00'),
  ('alexandr.morozov',  'alexandr.morозov@mail.ru',  '$2a$10$hash14','ROLE_USER',  'Александр','Морозов',   '+7-900-456-78-90', '2025-02-25 18:25:00'),
  ('julia.fedorova',    'julia.fedorova@mail.ru',    '$2a$10$hash15','ROLE_ADMIN', 'Юлия',    'Федорова',  '+7-899-567-89-01', '2025-03-01 21:30:00');

-- 4) Продукты
INSERT INTO products (model, description, price, image_url, category, stock, brand) VALUES
  ('iPhone 14',       'Смартфон Apple с A15 Bionic, 128 ГБ, OLED-дисплей',   79_990.00,'https://.../iphone14.jpg','Смартфоны',50,'Apple'),
  ('Galaxy S23',      'Смартфон Samsung с AMOLED-дисплеем, 8 ГБ ОЗУ',        89_990.00,'https://.../s23.jpg','Смартфоны',40,'Samsung'),
  ('XPS 13',          'Ультрабук Dell с Intel Core i7, 16 ГБ ОЗУ',          119_990.00,'https://.../xps13.jpg','Ноутбуки',30,'Dell'),
  ('MacBook Air M2',  'Ноутбук Apple на чипе M2, 8 ГБ ОЗУ, 256 ГБ SSD',     99_990.00,'https://.../mba.jpg','Ноутбуки',25,'Apple'),
  ('QuietComfort 45', 'Наушники Bose с активным шумоподавлением',           19_990.00,'https://.../qc45.jpg','Аудио',20,'Bose'),
  ('WH-1000XM5',      'Наушники Sony с цифровым шумоподавлением',           21_990.00,'https://.../xm5.jpg','Аудио',15,'Sony'),
  ('Mi Band 7',       'Фитнес-браслет Xiaomi с OLED-экраном',               3_499.00,'https://.../band7.jpg','Гаджеты',100,'Xiaomi'),
  ('JBL Charge 5',    'Портативная колонка JBL с защитой IP67',            12_990.00,'https://.../jbl5.jpg','Аудио',60,'JBL'),
  ('PlayStation 5',   'Консоль Sony с поддержкой 4K',                     49_990.00,'https://.../ps5.jpg','Игровые',10,'Sony'),
  ('Xbox Series X',   'Консоль Microsoft 4K, SSD 1 ТБ',                   45_990.00,'https://.../xbox.jpg','Игровые',12,'Microsoft'),
  ('Kindle Paperwhite','Электронная книга Amazon, подсветка, 300 ppi',   9_990.00,'https://.../kindle.jpg','Гаджеты',80,'Amazon'),
  ('Surface Pro 8',   'Планшет-ноутбук Microsoft 2-в-1, поддержка пера',   109_990.00,'https://.../surface8.jpg','Ноутбуки',18,'Microsoft'),
  ('GoPro HERO10',    'Экшн-камера GoPro, видео 5.3K',                    29_990.00,'https://.../gopro.jpg','Фото',15,'GoPro'),
  ('Dyson V11',       'Пылесос беспроводной Dyson с LCD-дисплеем',         59_990.00,'https://.../dyson.jpg','Бытовая техника',30,'Dyson'),
  ('Nikon D3500',     'Фотоаппарат Nikon DSLR 24.2 МП',                   34_990.00,'https://.../nikon.jpg','Фото',22,'Nikon');

-- 5) Заказы
INSERT INTO orders (user_id, total_price, order_date, delivery_address) VALUES
  (1,  159 980.00,'2025-01-15 10:20:00','Москва, ул. Тверская, д.1, кв.10'),
  (2,   89 990.00,'2025-01-18 14:05:00','Санкт-Петербург, Невский пр., д.35, кв.5'),
  (3,   21 990.00,'2025-01-20 09:30:00','Казань, ул. Баумана, д.12, кв.3'),
  (4,   34 990.00,'2025-01-22 16:45:00','Новосибирск, ул. Ленина, д.50, кв.8'),
  (5,  109 990.00,'2025-01-25 11:15:00','Екатеринбург, ул. Малышева, д.14, кв.7'),
  (6,   12 990.00,'2025-01-28 13:50:00','Краснодар, ул. Красная, д.20, кв.2'),
  (7,   19 990.00,'2025-01-30 18:30:00','Ростов-на-Дону, ул. Пушкинская, д.8, кв.12'),
  (8,   45 990.00,'2025-02-02 09:10:00','Воронеж, ул. Карла Маркса, д.17, кв.4'),
  (9,   49 990.00,'2025-02-05 20:25:00','Пермь, ул. Мира, д.22, кв.6'),
  (10, 109 990.00,'2025-02-10 08:45:00','Уфа, ул. Ленина, д.3, кв.1'),
  (11,   9 990.00,'2025-02-12 12:30:00','Челябинск, пр. Ленина, д.14, кв.9'),
  (12,  29 990.00,'2025-02-15 15:55:00','Иркутск, ул. Советская, д.6, кв.3'),
  (13,  59 990.00,'2025-02-18 10:10:00','Тюмень, ул. Республики, д.45, кв.19'),
  (14, 139 990.00,'2025-02-20 17:40:00','Омск, ул. Ленина, д.7, кв.27'),
  (15,  44 990.00,'2025-02-22 14:20:00','Владивосток, ул. Светланская, д.12, кв.11');

-- 6) Товары в заказах
INSERT INTO order_products (order_id, product_id) VALUES
  (1,1),(1,3),(2,2),(2,5),(3,6),(3,9),(4,4),(4,8),
  (5,1),(5,10),(6,7),(6,2),(7,3),(7,11),(8,12),(8,9),
  (9,1),(9,4),(10,2),(10,13),(11,5),(11,6),(12,7),(12,8),
  (13,9),(13,14),(14,10),(14,15),(15,11),(15,14);

-- 7) Отзывы
INSERT INTO reviews (rating, comment, created_at, product_id, user_id) VALUES
  (5, 'Отличный товар, рекомендую!',         '2025-03-10 11:20:00', 1,  2),
  (4, 'Хорошо, но дорого.',                 '2025-03-11 12:30:00', 2,  3),
  (5, 'Превосходно!',                       '2025-03-12 13:45:00', 3,  4),
  (3, 'Среднее качество.',                  '2025-03-13 14:50:00', 4,  5),
  (4, 'Цена/качество нормальные.',          '2025-03-14 15:15:00', 5,  6),
  (2, 'Не устроила батарея.',               '2025-03-15 16:25:00', 6,  7),
  (5, 'Звук отменный.',                     '2025-03-16 17:35:00', 7,  8),
  (4, 'Стильный дизайн.',                   '2025-03-17 18:40:00', 8,  9),
  (5, 'Лучшая консоль!',                   '2025-03-18 19:50:00', 9, 10),
  (4, 'Очень плавно работает.',             '2025-03-19 20:55:00', 10, 11),
  (5, 'Удобно читать.',                    '2025-03-20 21:15:00', 11, 12),
  (3, 'Надежность могла бы быть лучше.',    '2025-03-21 08:20:00', 12, 13),
  (4, 'Отличная камера для новичков.',      '2025-03-22 09:30:00', 13, 14),
  (5, 'Мощный пылесос.',                    '2025-03-23 10:40:00', 14, 15),
  (4, 'Хороший фотоаппарат.',               '2025-03-24 11:50:00', 15,  1);
